---,LegacyKey,DisplayText,Icon,WorldMesh,EquipMesh,ItemClass,Category,MaxStackCount,Price,ConsumableType,ArmorSlot,ArmorProtection
water_bottle,"Вода","NSLOCTEXT(""Items"", ""ConsumableWater"", ""Вода"")","/Game/UI/Icons/Items/T_Item_Water.T_Item_Water","None","None","/Game/Items/BP_WaterBottle.BP_WaterBottle_C","Consumable","999","5.000000","Water","Head","0.000000"
canned_food,"Консервы","NSLOCTEXT(""Items"", ""ConsumableFood"", ""Консервы"")","/Game/UI/Icons/Items/T_Item_CannedFood.T_Item_CannedFood","None","None","/Game/Items/BP_CannedFood.BP_CannedFood_C","Consumable","999","12.000000","Food","Head","0.000000"
bandage,"Аптечка","NSLOCTEXT(""Items"", ""ConsumableMedkit"", ""Аптечка"")","/Game/UI/Icons/Items/T_Item_Medkit.T_Item_Medkit","None","None","/Game/Items/BP_Bandage.BP_Bandage_C","Consumable","999","12.000000","Medkit","Head","0.000000"
ammo_9mm,"Патроны 9мм","NSLOCTEXT(""Items"", ""Ammo9mm"", ""Патроны 9мм"")","/Game/UI/Icons/Items/T_Item_Ammo9mm.T_Item_Ammo9mm","None","None","/Game/Items/BP_Ammo9mm.BP_Ammo9mm_C","Resource","999","2.000000","Food","Head","0.000000"
knife,"Knife","NSLOCTEXT(""Items"", ""Knife"", ""Нож"")","/Game/UI/Icons/Items/T_Item_Knife.T_Item_Knife","/Game/Weapons/SM_Knife.SM_Knife","None","/Game/Items/BP_Knife.BP_Knife_C","Weapon","1","40.000000","Food","Head","0.000000"
pistol,"Pistol","NSLOCTEXT(""Items"", ""Pistol"", ""Пистолет"")","/Game/UI/Icons/Items/T_Item_Pistol.T_Item_Pistol","/Game/Weapons/SM_Pistol.SM_Pistol","None","/Game/Weapons/Pistol/BP_Pistol.BP_Pistol_C","Weapon","1","150.000000","Food","Head","0.000000"
wolf_pelt,"Шкура волка","NSLOCTEXT(""Items"", ""WolfPelt"", ""Шкура волка"")","/Game/UI/Icons/Items/T_Item_WolfHide.T_Item_WolfHide","None","None","/Game/Items/BP_WolfPelt.BP_WolfPelt_C","Quest","999","0.000000","Food","Head","0.000000"
laptop,"Ноутбук","NSLOCTEXT(""Items"", ""QuestLaptop"", ""Ноутбук"")","/Game/UI/Icons/Items/T_Item_Laptop.T_Item_Laptop","None","None","/Game/Items/BP_Laptop.BP_Laptop_C","Quest","999","0.000000","Food","Head","0.000000"
armor_t1_head,"Броня Т1 — голова","NSLOCTEXT(""Items"", ""Cap"", ""Кепка"")","/Game/UI/Icons/Items/T_Item_Armor_T1_Head.T_Item_Armor_T1_Head","None","/Game/Characters/Shared/Armor/SK_Armor_T1_Head.SK_Armor_T1_Head","/Game/Items/BP_ArmorBase.BP_ArmorBase_C","Armor","1","50.000000","Food","Head","0.050000"
armor_t1_torso,"Броня Т1 — торс","NSLOCTEXT(""Items"", ""LeatherJacket"", ""Кожаная куртка"")","/Game/UI/Icons/Items/T_Item_Armor_T1_Torso.T_Item_Armor_T1_Torso","None","/Game/Characters/Shared/Armor/SK_Armor_T1_Torso.SK_Armor_T1_Torso","/Game/Items/BP_ArmorBase.BP_ArmorBase_C","Armor","1","50.000000","Food","Torso","0.050000"
armor_t1_pants,"Броня Т1 — штаны","NSLOCTEXT(""Items"", ""Pants"", ""Штаны"")","/Game/UI/Icons/Items/T_Item_Armor_T1_Legs.T_Item_Armor_T1_Legs","None","/Game/Characters/Shared/Armor/SK_Armor_T1_Legs.SK_Armor_T1_Legs","/Game/Items/BP_ArmorBase.BP_ArmorBase_C","Armor","1","50.000000","Food","Legs","0.050000"
armor_t2_head,"Броня Т2 — голова","NSLOCTEXT(""Items"", ""BanditHat"", ""Бандитская шапка"")","/Game/UI/Icons/Items/T_Item_Armor_T2_Head.T_Item_Armor_T2_Head","None","/Game/Characters/Shared/Armor/SK_Armor_T2_Head.SK_Armor_T2_Head","/Game/Items/BP_ArmorBase.BP_ArmorBase_C","Armor","1","120.000000","Food","Head","0.100000"
armor_t2_torso,"Броня Т2 — торс","NSLOCTEXT(""Items"", ""BanditJacket"", ""Куртка бандита"")","/Game/UI/Icons/Items/T_Item_Armor_T2_Torso.T_Item_Armor_T2_Torso","None","/Game/Characters/Shared/Armor/SK_Armor_T2_Torso.SK_Armor_T2_Torso","/Game/Items/BP_ArmorBase.BP_ArmorBase_C","Armor","1","120.000000","Food","Torso","0.100000"
armor_t2_pants,"Броня Т2 — штаны","NSLOCTEXT(""Items"", ""BanditPants"", ""Штаны бандита"")","/Game/UI/Icons/Items/T_Item_Armor_T2_Legs.T_Item_Armor_T2_Legs","None","/Game/Characters/Shared/Armor/SK_Armor_T2_Legs.SK_Armor_T2_Legs","/Game/Items/BP_ArmorBase.BP_ArmorBase_C","Armor","1","120.000000","Food","Legs","0.100000"
armor_t3_head,"Броня Т3 — голова","NSLOCTEXT(""Items"", ""Helmet"", ""Шлем"")","/Game/UI/Icons/Items/T_Item_Armor_T3_Head.T_Item_Armor_T3_Head","None","/Game/Characters/Shared/Armor/SK_Armor_T3_Head.SK_Armor_T3_Head","/Game/Items/BP_ArmorBase.BP_ArmorBase_C","Armor","1","250.000000","Food","Head","0.160000"
armor_t3_torso,"Броня Т3 — торс","NSLOCTEXT(""Items"", ""MilitaryJacket"", ""Военная куртка"")","/Game/UI/Icons/Items/T_Item_Armor_T3_Torso.T_Item_Armor_T3_Torso","None","/Game/Characters/Shared/Armor/SK_Armor_T3_Torso.SK_Armor_T3_Torso","/Game/Items/BP_ArmorBase.BP_ArmorBase_C","Armor","1","250.000000","Food","Torso","0.160000"
armor_t3_pants,"Броня Т3 — штаны","NSLOCTEXT(""Items"", ""MilitaryPants"", ""Военные штаны"")","/Game/UI/Icons/Items/T_Item_Armor_T3_Legs.T_Item_Armor_T3_Legs","None","/Game/Characters/Shared/Armor/SK_Armor_T3_Legs.SK_Armor_T3_Legs","/Game/Items/BP_ArmorBase.BP_ArmorBase_C","Armor","1","250.000000","Food","Legs","0.160000"
