Event id 03,Design (unique users) first_launch,Design (unique users) daily_login,Design (unique users) daily_reward_claimed,Design (unique users) completed,Design (unique users) death,Design (unique users) sell_completed,Design (unique users) ad_offered,Design (unique users) link_opened,Design (unique users) ad_started,Design (unique users) ad_completed,Design (unique users) step,Design (unique users) offered,Design (unique users) accept,Design (unique users) turnin,Design (unique users) daily,Design (unique users) shop,Design (unique users) backpack,Design (unique users) banner_shop,Design (unique users) banner_death,Design (unique users) quest_bandits,Design (unique users) kill,Design (unique users) buy,Design (unique users) support,Design (unique users) window_opened
null,243,190,190,119,86,74,6,4,3,2,,,,,,,,,,,,,,
movement,,,,,,,,,,,233,,,,,,,,,,,,,
elder,,,,,,,,,,,194,,,,,,,,,,,,,
KillWolves,,,,,,,,,,,,185,177,102,,,,,,,,,,
not_shown,,,,,,,,,,,,,,,183,66,34,9,4,1,,,,
leave_village,,,,,,,,,,,155,,,,,,,,,,,,,
inventory,,,,,,,,,,,139,,,,,,,,,,,,,
Wolf,,,,,,,,,,,,,,,,,,,,,131,,,
pickup,,,,,,,,,,,125,,,,,,,,,,,,,
ClearBanditBase,,,,,,,,,,,,102,102,73,,,,,,,,,,
button_shown,,,,,,,,,,,,,,,16,69,65,,,,,,,
Bandit,,,,,,,,,,,,,,,,,,,,,89,,,
Pistol,,,,,,,,,,,,,,,,,,,,,,86,,
death,,,,,,,,,,,81,,,,,,,,,,,,,
bandage,,,,,,,,,,,,,,,,,,,,,,72,,
ammo_9mm,,,,,,,,,,,,,,,,,,,,,,51,,
armor_t1_torso,,,,,,,,,,,,,,,,,,,,,,47,,
started,,,,,,,,,,,,,,,1,11,35,,,2,,,,
button_clicked,,,,,,,,,,,,,,,1,11,35,,,,,,,
water_bottle,,,,,,,,,,,,,,,,,,,,,,37,,
armor_t1_pants,,,,,,,,,,,,,,,,,,,,,,35,,
completed,,,,,,,,,,,,,,,1,8,30,,,2,,,,
armor_t3_torso,,,,,,,,,,,,,,,,,,,,,,31,,
armor_t1_head,,,,,,,,,,,,,,,,,,,,,,27,,
armor_t3_pants,,,,,,,,,,,,,,,,,,,,,,22,,
armor_t2_head,,,,,,,,,,,,,,,,,,,,,,18,,
armor_t2_torso,,,,,,,,,,,,,,,,,,,,,,18,,
armor_t2_pants,,,,,,,,,,,,,,,,,,,,,,17,,
canned_food,,,,,,,,,,,,,,,,,,,,,,17,,
failed,,,,,,,,,,,,,,,,3,6,,,1,,,1,
armor_t3_head,,,,,,,,,,,,,,,,,,,,,,8,,
main_menu,,,,,,,,,,,,,,,,,,,,,,,,4
shown,,,,,,,,,,,,,,,,,,3,1,,,,,
pause,,,,,,,,,,,,,,,,,,,,,,,,2
knife,,,,,,,,,,,,,,,,,,,,,,1,,
